{"cameraMode":{"drawMode":0,"name":"Shaded","section":"Shading Mode"},"sceneLighting":true,"audioPlay":false,"sceneViewState":{"m_AlwaysRefresh":false,"showFog":true,"showSkybox":true,"showFlares":true,"showImageEffects":true,"showParticleSystems":true,"showVisualEffectGraphs":true,"m_FxEnabled":true},"in2DMode":false,"pivot":{"x":0.0652906745672226,"y":8.405621528625489,"z":-3.317232608795166},"rotation":{"x":-0.5688436031341553,"y":-0.0177594181150198,"z":0.014700952917337418,"w":-0.8230282068252564},"size":0.39908891916275027,"orthographic":false}